REM INSERTING into ATTRACTIONTYPE
SET DEFINE off;
Insert into ATTRACTIONTYPE (ID,NAME,CREATEDBY,CREATEDON,MODIFIEDBY,MODIFIEDON) values (1,'Garden',1,to_date('01-01-12','DD-MM-RR'),1,to_date('01-01-12','DD-MM-RR'));
REM INSERTING into TRANSACTIONREWARD
SET DEFINE OFF;

REM INSERTING into COMPANY
SET DEFINE OFF;
Insert into COMPANY (ID,NAME,ADDRESS,CREATEDBY,CREATEDON,MODIFIEDBY,MODIFIEDON) values (1,'AdventrureWorks','chicago',1,to_date('01-01-12','DD-MM-RR'),1,to_date('01-01-12','DD-MM-RR'));
Insert into COMPANY (ID,NAME,ADDRESS,CREATEDBY,CREATEDON,MODIFIEDBY,MODIFIEDON) values (2,'Make My Trip','Chicago',1,to_date('01-01-12','DD-MM-RR'),1,to_date('01-01-12','DD-MM-RR'));
Insert into COMPANY (ID,NAME,ADDRESS,CREATEDBY,CREATEDON,MODIFIEDBY,MODIFIEDON) values (3,'New York Tours','New York',1,to_date('01-01-12','DD-MM-RR'),1,to_date('01-01-12','DD-MM-RR'));
Insert into COMPANY (ID,NAME,ADDRESS,CREATEDBY,CREATEDON,MODIFIEDBY,MODIFIEDON) values (4,'Chicago Tours','Chicago',1,to_date('01-01-12','DD-MM-RR'),1,to_date('01-01-12','DD-MM-RR'));
Insert into COMPANY (ID,NAME,ADDRESS,CREATEDBY,CREATEDON,MODIFIEDBY,MODIFIEDON) values (5,'See New York Tours','New york',1,to_date('01-01-12','DD-MM-RR'),1,to_date('01-01-12','DD-MM-RR'));


REM INSERTING into CITY
SET DEFINE OFF;
Insert into CITY (ID,NAME,CREATEDBY,CREATEDON,MODIFIEDBY,MODIFIEDON) values (2,'New York',1,to_date('01-01-12','DD-MM-RR'),1,to_date('01-01-12','DD-MM-RR'));
Insert into CITY (ID,NAME,CREATEDBY,CREATEDON,MODIFIEDBY,MODIFIEDON) values (1,'Chicago',1,to_date('01-01-12','DD-MM-RR'),1,to_date('01-01-12','DD-MM-RR'));


REM INSERTING into USERBASE
SET DEFINE OFF;
Insert into USERBASE (ID,DISPLAYNAME,EMAIL,PASSWORD,ADDRESS,CITY,ZIPCODE,CREATEDBY,CREATEDON,MODIFIEDBY,MODIFIEDON) values (1,'Barrack Obama','bobama@gmail.com','123','White House ','Washington DC',12345,1,to_date('11-08-12','DD-MM-RR'),1,to_date('11-08-12','DD-MM-RR'));
Insert into USERBASE (ID,DISPLAYNAME,EMAIL,PASSWORD,ADDRESS,CITY,ZIPCODE,CREATEDBY,CREATEDON,MODIFIEDBY,MODIFIEDON) values (2,'Joe Biden','jbiden@gmail.com','1234','White House','Washington DC',12345,1,to_date('11-08-12','DD-MM-RR'),1,to_date('11-08-12','DD-MM-RR'));
Insert into USERBASE (ID,DISPLAYNAME,EMAIL,PASSWORD,ADDRESS,CITY,ZIPCODE,CREATEDBY,CREATEDON,MODIFIEDBY,MODIFIEDON) values (3,'Hilary Clinton','hclinton@gmail.com','1234','White House','Washinton DC',12345,1,to_date('11-08-12','DD-MM-RR'),1,to_date('11-08-12','DD-MM-RR'));
Insert into USERBASE (ID,DISPLAYNAME,EMAIL,PASSWORD,ADDRESS,CITY,ZIPCODE,CREATEDBY,CREATEDON,MODIFIEDBY,MODIFIEDON) values (4,'Sarah Palin','sspalin@gmail.com','1234','Silver Estate','Texas',33212,1,to_date('11-08-12','DD-MM-RR'),1,to_date('11-08-12','DD-MM-RR'));
Insert into USERBASE (ID,DISPLAYNAME,EMAIL,PASSWORD,ADDRESS,CITY,ZIPCODE,CREATEDBY,CREATEDON,MODIFIEDBY,MODIFIEDON) values (5,'Richard Durbin','rrdurbin@gmail.com','1234','SoloMolo Downtown','Chicago',60618,1,to_date('11-08-12','DD-MM-RR'),1,to_date('11-08-12','DD-MM-RR'));
Insert into USERBASE (ID,DISPLAYNAME,EMAIL,PASSWORD,ADDRESS,CITY,ZIPCODE,CREATEDBY,CREATEDON,MODIFIEDBY,MODIFIEDON) values (6,'Charles Schumer','cshumer@gmail.coom','1234','11 NewYork City','NNew York',44321,1,to_date('11-08-12','DD-MM-RR'),1,to_date('11-08-12','DD-MM-RR'));
Insert into USERBASE (ID,DISPLAYNAME,EMAIL,PASSWORD,ADDRESS,CITY,ZIPCODE,CREATEDBY,CREATEDON,MODIFIEDBY,MODIFIEDON) values (7,'Arun Mathew Iype','amathewi@hawk.iit.edu','1234','650 w 31st street','chicago',60616,1,to_date('11-08-12','DD-MM-RR'),1,to_date('11-08-12','DD-MM-RR'));
Insert into USERBASE (ID,DISPLAYNAME,EMAIL,PASSWORD,ADDRESS,CITY,ZIPCODE,CREATEDBY,CREATEDON,MODIFIEDBY,MODIFIEDON) values (8,'Kevin Gomes','kgomes@hawk.iit.edu','1234','112 Gordon avenue','naperville',60345,1,to_date('11-08-12','DD-MM-RR'),1,to_date('11-08-12','DD-MM-RR'));
Insert into USERBASE (ID,DISPLAYNAME,EMAIL,PASSWORD,ADDRESS,CITY,ZIPCODE,CREATEDBY,CREATEDON,MODIFIEDBY,MODIFIEDON) values (9,'Stephen Felix','sfelix@hawk.iit.edu','1234','111 Gaunsales Hall IIT','chicago',60616,1,to_date('11-08-12','DD-MM-RR'),1,to_date('11-08-12','DD-MM-RR'));
Insert into USERBASE (ID,DISPLAYNAME,EMAIL,PASSWORD,ADDRESS,CITY,ZIPCODE,CREATEDBY,CREATEDON,MODIFIEDBY,MODIFIEDON) values (10,'John Smith','jsmith@gmail.com','1234','123 navy park elburn','elbur',60456,1,to_date('11-08-12','DD-MM-RR'),1,to_date('11-08-12','DD-MM-RR'));
Insert into USERBASE (ID,DISPLAYNAME,EMAIL,PASSWORD,ADDRESS,CITY,ZIPCODE,CREATEDBY,CREATEDON,MODIFIEDBY,MODIFIEDON) values (11,'Jacob Elias','jelias@gmail.com','1234','143 old bridge gamut','chicago',66612,1,to_date('11-08-12','DD-MM-RR'),1,to_date('11-08-12','DD-MM-RR'));
Insert into USERBASE (ID,DISPLAYNAME,EMAIL,PASSWORD,ADDRESS,CITY,ZIPCODE,CREATEDBY,CREATEDON,MODIFIEDBY,MODIFIEDON) values (12,'Paul Mard','pmard@gmail.com','1234','334w 41st street','chicago',60321,1,to_date('11-08-12','DD-MM-RR'),1,to_date('11-08-12','DD-MM-RR'));
Insert into USERBASE (ID,DISPLAYNAME,EMAIL,PASSWORD,ADDRESS,CITY,ZIPCODE,CREATEDBY,CREATEDON,MODIFIEDBY,MODIFIEDON) values (13,'Sherlocl McGinty','smcginty@gmail.com','1234','2221 95th street','chicago',66781,1,to_date('11-08-12','DD-MM-RR'),1,to_date('11-08-12','DD-MM-RR'));
Insert into USERBASE (ID,DISPLAYNAME,EMAIL,PASSWORD,ADDRESS,CITY,ZIPCODE,CREATEDBY,CREATEDON,MODIFIEDBY,MODIFIEDON) values (14,'Jonathan Steam','jsteam@gmail.com','1234','11 northbrook','chicago',66452,1,to_date('11-08-12','DD-MM-RR'),1,to_date('11-08-12','DD-MM-RR'));
Insert into USERBASE (ID,DISPLAYNAME,EMAIL,PASSWORD,ADDRESS,CITY,ZIPCODE,CREATEDBY,CREATEDON,MODIFIEDBY,MODIFIEDON) values (15,'Benjamin Dago','bdago@gmail.com','1234','444 devon st','chicago',65322,1,to_date('11-08-12','DD-MM-RR'),1,to_date('11-08-12','DD-MM-RR'));
Insert into USERBASE (ID,DISPLAYNAME,EMAIL,PASSWORD,ADDRESS,CITY,ZIPCODE,CREATEDBY,CREATEDON,MODIFIEDBY,MODIFIEDON) values (16,'Mary Joseph','mjoseph@gmail.com','1234','10w evanston','chicago',61908,1,to_date('11-08-12','DD-MM-RR'),1,to_date('11-08-12','DD-MM-RR'));
Insert into USERBASE (ID,DISPLAYNAME,EMAIL,PASSWORD,ADDRESS,CITY,ZIPCODE,CREATEDBY,CREATEDON,MODIFIEDBY,MODIFIEDON) values (17,'Wolfhard Pauline','wpauline@gmail.com','1234','30w lombard','chicago',64234,1,to_date('11-08-12','DD-MM-RR'),1,to_date('11-08-12','DD-MM-RR'));
Insert into USERBASE (ID,DISPLAYNAME,EMAIL,PASSWORD,ADDRESS,CITY,ZIPCODE,CREATEDBY,CREATEDON,MODIFIEDBY,MODIFIEDON) values (18,'Janice Darkwood','jdark@gmail.com','1234','444 bridgeport','chicago',60616,1,to_date('11-08-12','DD-MM-RR'),1,to_date('11-08-12','DD-MM-RR'));
Insert into USERBASE (ID,DISPLAYNAME,EMAIL,PASSWORD,ADDRESS,CITY,ZIPCODE,CREATEDBY,CREATEDON,MODIFIEDBY,MODIFIEDON) values (19,'Ross Geller','rgeller@gmail.com','1234','112 northface','chicago',66678,1,to_date('11-08-12','DD-MM-RR'),1,to_date('11-08-12','DD-MM-RR'));
Insert into USERBASE (ID,DISPLAYNAME,EMAIL,PASSWORD,ADDRESS,CITY,ZIPCODE,CREATEDBY,CREATEDON,MODIFIEDBY,MODIFIEDON) values (20,'Monica Geller','mgeller@gmail.com','1234','323 friendsblock','chicago',65432,1,to_date('11-08-12','DD-MM-RR'),1,to_date('11-08-12','DD-MM-RR'));
Insert into USERBASE (ID,DISPLAYNAME,EMAIL,PASSWORD,ADDRESS,CITY,ZIPCODE,CREATEDBY,CREATEDON,MODIFIEDBY,MODIFIEDON) values (21,'joseph triviani','jtriviani@gmail.com','1234','112 friendsblock','chicago',65432,1,to_date('11-08-12','DD-MM-RR'),1,to_date('11-08-12','DD-MM-RR'));
Insert into USERBASE (ID,DISPLAYNAME,EMAIL,PASSWORD,ADDRESS,CITY,ZIPCODE,CREATEDBY,CREATEDON,MODIFIEDBY,MODIFIEDON) values (22,'Rachel Green','rrgreen@gmail.com','1234','323 friendsblock','chicago',65432,1,to_date('11-08-12','DD-MM-RR'),1,to_date('11-08-12','DD-MM-RR'));
Insert into USERBASE (ID,DISPLAYNAME,EMAIL,PASSWORD,ADDRESS,CITY,ZIPCODE,CREATEDBY,CREATEDON,MODIFIEDBY,MODIFIEDON) values (23,'Chandler Bing','cbing@gmail.com','1234','112 friendsblcok','new york',44322,1,to_date('11-08-12','DD-MM-RR'),1,to_date('11-08-12','DD-MM-RR'));
Insert into USERBASE (ID,DISPLAYNAME,EMAIL,PASSWORD,ADDRESS,CITY,ZIPCODE,CREATEDBY,CREATEDON,MODIFIEDBY,MODIFIEDON) values (24,'Phoebe Buffey','pbuffey@gmail.com','1234','123 cooks town','new york',44324,1,to_date('11-08-12','DD-MM-RR'),1,to_date('11-08-12','DD-MM-RR'));
Insert into USERBASE (ID,DISPLAYNAME,EMAIL,PASSWORD,ADDRESS,CITY,ZIPCODE,CREATEDBY,CREATEDON,MODIFIEDBY,MODIFIEDON) values (25,'Conan Reaper','creaper@gmail.com','1234','144 coldridge ','new york',44567,1,to_date('11-08-12','DD-MM-RR'),1,to_date('11-08-12','DD-MM-RR'));
Insert into USERBASE (ID,DISPLAYNAME,EMAIL,PASSWORD,ADDRESS,CITY,ZIPCODE,CREATEDBY,CREATEDON,MODIFIEDBY,MODIFIEDON) values (26,'Jack Robbins','jrobbins@gmail.com','1234','56 plasma avenue','new york',44678,1,to_date('11-08-12','DD-MM-RR'),1,to_date('11-08-12','DD-MM-RR'));
Insert into USERBASE (ID,DISPLAYNAME,EMAIL,PASSWORD,ADDRESS,CITY,ZIPCODE,CREATEDBY,CREATEDON,MODIFIEDBY,MODIFIEDON) values (27,'Denzel Bozington','dbozington@gmail.com','1234','78 hollywood lane','new york',44989,1,to_date('11-08-12','DD-MM-RR'),1,to_date('11-08-12','DD-MM-RR'));
Insert into USERBASE (ID,DISPLAYNAME,EMAIL,PASSWORD,ADDRESS,CITY,ZIPCODE,CREATEDBY,CREATEDON,MODIFIEDBY,MODIFIEDON) values (28,'Tom Cruise','tcruise@gmail.com','1234','4441 blues court','new york',44678,1,to_date('11-08-12','DD-MM-RR'),1,to_date('11-08-12','DD-MM-RR'));
Insert into USERBASE (ID,DISPLAYNAME,EMAIL,PASSWORD,ADDRESS,CITY,ZIPCODE,CREATEDBY,CREATEDON,MODIFIEDBY,MODIFIEDON) values (29,'Bagger Wance','bwance@gmail.com','1234','222 fools gold','new york',44496,1,to_date('11-08-12','DD-MM-RR'),1,to_date('11-08-12','DD-MM-RR'));
Insert into USERBASE (ID,DISPLAYNAME,EMAIL,PASSWORD,ADDRESS,CITY,ZIPCODE,CREATEDBY,CREATEDON,MODIFIEDBY,MODIFIEDON) values (30,'Jack Nicholson','jnicholson@gmail.com','1234','998 bringhamton','new york',44222,1,to_date('11-08-12','DD-MM-RR'),1,to_date('11-08-12','DD-MM-RR'));
Insert into USERBASE (ID,DISPLAYNAME,EMAIL,PASSWORD,ADDRESS,CITY,ZIPCODE,CREATEDBY,CREATEDON,MODIFIEDBY,MODIFIEDON) values (31,'Avner Williams','awilliams@gmail.com','1234','223 brookfiewl','chicago',66781,1,to_date('11-08-12','DD-MM-RR'),1,to_date('11-08-12','DD-MM-RR'));
Insert into USERBASE (ID,DISPLAYNAME,EMAIL,PASSWORD,ADDRESS,CITY,ZIPCODE,CREATEDBY,CREATEDON,MODIFIEDBY,MODIFIEDON) values (32,'James Bond','jbond@gmail.com','1234','23 senspen','new york',44987,1,to_date('11-08-12','DD-MM-RR'),1,to_date('11-08-12','DD-MM-RR'));
Insert into USERBASE (ID,DISPLAYNAME,EMAIL,PASSWORD,ADDRESS,CITY,ZIPCODE,CREATEDBY,CREATEDON,MODIFIEDBY,MODIFIEDON) values (33,'Davind Attenorough','dattenbrgh@gmail.com','1234','22 senspen','new york',44887,1,to_date('11-08-12','DD-MM-RR'),1,to_date('11-08-12','DD-MM-RR'));
Insert into USERBASE (ID,DISPLAYNAME,EMAIL,PASSWORD,ADDRESS,CITY,ZIPCODE,CREATEDBY,CREATEDON,MODIFIEDBY,MODIFIEDON) values (34,'Marylin Monroe','mmonroe@gmail.com','1234','25 senspen','new york',44887,1,to_date('11-08-12','DD-MM-RR'),1,to_date('11-08-12','DD-MM-RR'));
Insert into USERBASE (ID,DISPLAYNAME,EMAIL,PASSWORD,ADDRESS,CITY,ZIPCODE,CREATEDBY,CREATEDON,MODIFIEDBY,MODIFIEDON) values (35,'Bear Gryllis','bgrylllis@gmail.com','1234','27 senspen','new york',44887,1,to_date('11-08-12','DD-MM-RR'),1,to_date('11-08-12','DD-MM-RR'));
Insert into USERBASE (ID,DISPLAYNAME,EMAIL,PASSWORD,ADDRESS,CITY,ZIPCODE,CREATEDBY,CREATEDON,MODIFIEDBY,MODIFIEDON) values (36,'Mina Harker','mharker@gmail.com','1234','228 spoland court','new york',44887,1,to_date('11-08-12','DD-MM-RR'),1,to_date('11-08-12','DD-MM-RR'));
Insert into USERBASE (ID,DISPLAYNAME,EMAIL,PASSWORD,ADDRESS,CITY,ZIPCODE,CREATEDBY,CREATEDON,MODIFIEDBY,MODIFIEDON) values (37,'John Harker','jharker@gmail.com','1234','228 spoland court','new york',44887,1,to_date('11-08-12','DD-MM-RR'),1,to_date('11-08-12','DD-MM-RR'));
Insert into USERBASE (ID,DISPLAYNAME,EMAIL,PASSWORD,ADDRESS,CITY,ZIPCODE,CREATEDBY,CREATEDON,MODIFIEDBY,MODIFIEDON) values (38,'Job Grim','jgrim@gmail.com','1234','229 spoland court','new york',44887,1,to_date('11-08-12','DD-MM-RR'),1,to_date('11-08-12','DD-MM-RR'));
Insert into USERBASE (ID,DISPLAYNAME,EMAIL,PASSWORD,ADDRESS,CITY,ZIPCODE,CREATEDBY,CREATEDON,MODIFIEDBY,MODIFIEDON) values (39,'Nicholas Armstrong','narmstrong@gmail.com','1234','212 spoland court','new york',44887,1,to_date('11-08-12','DD-MM-RR'),1,to_date('11-08-12','DD-MM-RR'));
Insert into USERBASE (ID,DISPLAYNAME,EMAIL,PASSWORD,ADDRESS,CITY,ZIPCODE,CREATEDBY,CREATEDON,MODIFIEDBY,MODIFIEDON) values (40,'Happy Singh','hsingh@gmail.com','1234','228 shatter door','new york',44887,1,to_date('11-08-12','DD-MM-RR'),1,to_date('11-08-12','DD-MM-RR'));
Insert into USERBASE (ID,DISPLAYNAME,EMAIL,PASSWORD,ADDRESS,CITY,ZIPCODE,CREATEDBY,CREATEDON,MODIFIEDBY,MODIFIEDON) values (41,'Jose Marconi','jjmarconi@gmail.com','1234','212 shatter door','new york',44887,1,to_date('11-08-12','DD-MM-RR'),1,to_date('11-08-12','DD-MM-RR'));
Insert into USERBASE (ID,DISPLAYNAME,EMAIL,PASSWORD,ADDRESS,CITY,ZIPCODE,CREATEDBY,CREATEDON,MODIFIEDBY,MODIFIEDON) values (42,'Nestor Platinus','nplatinus@gmail.com','1234','267  shatter door','new york',44887,1,to_date('11-08-12','DD-MM-RR'),1,to_date('11-08-12','DD-MM-RR'));

REM INSERTING into USEREMPLOYEE
SET DEFINE OFF;
Insert into USEREMPLOYEE (USERID,SSN,COMPANYID,CREATEDBY,CREATEDON,MODIFIEDBY,MODIFIEDON) values (1,123456789,1,11,to_date('11-08-12','DD-MM-RR'),1,to_date('11-08-12','DD-MM-RR'));
Insert into USEREMPLOYEE (USERID,SSN,COMPANYID,CREATEDBY,CREATEDON,MODIFIEDBY,MODIFIEDON) values (2,123456788,1,1,to_date('11-08-12','DD-MM-RR'),1,to_date('11-08-12','DD-MM-RR'));
Insert into USEREMPLOYEE (USERID,SSN,COMPANYID,CREATEDBY,CREATEDON,MODIFIEDBY,MODIFIEDON) values (3,123456787,1,1,to_date('11-08-12','DD-MM-RR'),1,to_date('11-08-12','DD-MM-RR'));
Insert into USEREMPLOYEE (USERID,SSN,COMPANYID,CREATEDBY,CREATEDON,MODIFIEDBY,MODIFIEDON) values (4,123456786,1,1,to_date('11-08-12','DD-MM-RR'),1,to_date('11-08-12','DD-MM-RR'));
Insert into USEREMPLOYEE (USERID,SSN,COMPANYID,CREATEDBY,CREATEDON,MODIFIEDBY,MODIFIEDON) values (5,123456785,1,1,to_date('11-08-12','DD-MM-RR'),1,to_date('11-08-12','DD-MM-RR'));
Insert into USEREMPLOYEE (USERID,SSN,COMPANYID,CREATEDBY,CREATEDON,MODIFIEDBY,MODIFIEDON) values (6,123456784,1,1,to_date('11-08-12','DD-MM-RR'),1,to_date('11-08-12','DD-MM-RR'));
Insert into USEREMPLOYEE (USERID,SSN,COMPANYID,CREATEDBY,CREATEDON,MODIFIEDBY,MODIFIEDON) values (10,113456784,1,1,to_date('11-08-12','DD-MM-RR'),1,to_date('11-08-12','DD-MM-RR'));
Insert into USEREMPLOYEE (USERID,SSN,COMPANYID,CREATEDBY,CREATEDON,MODIFIEDBY,MODIFIEDON) values (11,123456784,1,1,to_date('11-08-12','DD-MM-RR'),1,to_date('11-08-12','DD-MM-RR'));
Insert into USEREMPLOYEE (USERID,SSN,COMPANYID,CREATEDBY,CREATEDON,MODIFIEDBY,MODIFIEDON) values (12,133456784,1,1,to_date('11-08-12','DD-MM-RR'),1,to_date('11-08-12','DD-MM-RR'));
Insert into USEREMPLOYEE (USERID,SSN,COMPANYID,CREATEDBY,CREATEDON,MODIFIEDBY,MODIFIEDON) values (13,143456784,1,1,to_date('11-08-12','DD-MM-RR'),1,to_date('11-08-12','DD-MM-RR'));
Insert into USEREMPLOYEE (USERID,SSN,COMPANYID,CREATEDBY,CREATEDON,MODIFIEDBY,MODIFIEDON) values (14,153456784,1,1,to_date('11-08-12','DD-MM-RR'),1,to_date('11-08-12','DD-MM-RR'));
Insert into USEREMPLOYEE (USERID,SSN,COMPANYID,CREATEDBY,CREATEDON,MODIFIEDBY,MODIFIEDON) values (15,163456784,1,1,to_date('11-08-12','DD-MM-RR'),1,to_date('11-08-12','DD-MM-RR'));
Insert into USEREMPLOYEE (USERID,SSN,COMPANYID,CREATEDBY,CREATEDON,MODIFIEDBY,MODIFIEDON) values (16,173456784,1,1,to_date('11-08-12','DD-MM-RR'),1,to_date('11-08-12','DD-MM-RR'));
Insert into USEREMPLOYEE (USERID,SSN,COMPANYID,CREATEDBY,CREATEDON,MODIFIEDBY,MODIFIEDON) values (17,183456784,1,1,to_date('11-08-12','DD-MM-RR'),1,to_date('11-08-12','DD-MM-RR'));
Insert into USEREMPLOYEE (USERID,SSN,COMPANYID,CREATEDBY,CREATEDON,MODIFIEDBY,MODIFIEDON) values (18,193456784,1,1,to_date('11-08-12','DD-MM-RR'),1,to_date('11-08-12','DD-MM-RR'));
Insert into USEREMPLOYEE (USERID,SSN,COMPANYID,CREATEDBY,CREATEDON,MODIFIEDBY,MODIFIEDON) values (19,121456784,1,1,to_date('11-08-12','DD-MM-RR'),1,to_date('11-08-12','DD-MM-RR'));
Insert into USEREMPLOYEE (USERID,SSN,COMPANYID,CREATEDBY,CREATEDON,MODIFIEDBY,MODIFIEDON) values (20,122456784,1,1,to_date('11-08-12','DD-MM-RR'),1,to_date('11-08-12','DD-MM-RR'));
Insert into USEREMPLOYEE (USERID,SSN,COMPANYID,CREATEDBY,CREATEDON,MODIFIEDBY,MODIFIEDON) values (21,124456784,1,1,to_date('11-08-12','DD-MM-RR'),1,to_date('11-08-12','DD-MM-RR'));
Insert into USEREMPLOYEE (USERID,SSN,COMPANYID,CREATEDBY,CREATEDON,MODIFIEDBY,MODIFIEDON) values (22,124456784,1,1,to_date('11-08-12','DD-MM-RR'),1,to_date('11-08-12','DD-MM-RR'));
Insert into USEREMPLOYEE (USERID,SSN,COMPANYID,CREATEDBY,CREATEDON,MODIFIEDBY,MODIFIEDON) values (23,125456784,1,1,to_date('11-08-12','DD-MM-RR'),1,to_date('11-08-12','DD-MM-RR'));
Insert into USEREMPLOYEE (USERID,SSN,COMPANYID,CREATEDBY,CREATEDON,MODIFIEDBY,MODIFIEDON) values (24,126456784,1,1,to_date('11-08-12','DD-MM-RR'),1,to_date('11-08-12','DD-MM-RR'));
Insert into USEREMPLOYEE (USERID,SSN,COMPANYID,CREATEDBY,CREATEDON,MODIFIEDBY,MODIFIEDON) values (25,125456784,1,1,to_date('11-08-12','DD-MM-RR'),1,to_date('11-08-12','DD-MM-RR'));
Insert into USEREMPLOYEE (USERID,SSN,COMPANYID,CREATEDBY,CREATEDON,MODIFIEDBY,MODIFIEDON) values (26,128456784,1,1,to_date('11-08-12','DD-MM-RR'),1,to_date('11-08-12','DD-MM-RR'));
Insert into USEREMPLOYEE (USERID,SSN,COMPANYID,CREATEDBY,CREATEDON,MODIFIEDBY,MODIFIEDON) values (27,129456784,1,1,to_date('11-08-12','DD-MM-RR'),1,to_date('11-08-12','DD-MM-RR'));
Insert into USEREMPLOYEE (USERID,SSN,COMPANYID,CREATEDBY,CREATEDON,MODIFIEDBY,MODIFIEDON) values (28,124156784,1,1,to_date('11-08-12','DD-MM-RR'),1,to_date('11-08-12','DD-MM-RR'));
Insert into USEREMPLOYEE (USERID,SSN,COMPANYID,CREATEDBY,CREATEDON,MODIFIEDBY,MODIFIEDON) values (29,124256784,1,1,to_date('11-08-12','DD-MM-RR'),1,to_date('11-08-12','DD-MM-RR'));
Insert into USEREMPLOYEE (USERID,SSN,COMPANYID,CREATEDBY,CREATEDON,MODIFIEDBY,MODIFIEDON) values (30,124356784,1,1,to_date('11-08-12','DD-MM-RR'),1,to_date('11-08-12','DD-MM-RR'));
Insert into USEREMPLOYEE (USERID,SSN,COMPANYID,CREATEDBY,CREATEDON,MODIFIEDBY,MODIFIEDON) values (31,124356789,1,1,to_date('11-08-12','DD-MM-RR'),1,to_date('11-08-12','DD-MM-RR'));
Insert into USEREMPLOYEE (USERID,SSN,COMPANYID,CREATEDBY,CREATEDON,MODIFIEDBY,MODIFIEDON) values (32,124316781,1,1,to_date('11-08-12','DD-MM-RR'),1,to_date('11-08-12','DD-MM-RR'));
Insert into USEREMPLOYEE (USERID,SSN,COMPANYID,CREATEDBY,CREATEDON,MODIFIEDBY,MODIFIEDON) values (33,124316782,1,1,to_date('11-08-12','DD-MM-RR'),1,to_date('11-08-12','DD-MM-RR'));
Insert into USEREMPLOYEE (USERID,SSN,COMPANYID,CREATEDBY,CREATEDON,MODIFIEDBY,MODIFIEDON) values (34,124316783,1,1,to_date('11-08-12','DD-MM-RR'),1,to_date('11-08-12','DD-MM-RR'));
Insert into USEREMPLOYEE (USERID,SSN,COMPANYID,CREATEDBY,CREATEDON,MODIFIEDBY,MODIFIEDON) values (35,124316784,1,1,to_date('11-08-12','DD-MM-RR'),1,to_date('11-08-12','DD-MM-RR'));
Insert into USEREMPLOYEE (USERID,SSN,COMPANYID,CREATEDBY,CREATEDON,MODIFIEDBY,MODIFIEDON) values (36,124316785,1,1,to_date('11-08-12','DD-MM-RR'),1,to_date('11-08-12','DD-MM-RR'));
Insert into USEREMPLOYEE (USERID,SSN,COMPANYID,CREATEDBY,CREATEDON,MODIFIEDBY,MODIFIEDON) values (37,124316786,1,1,to_date('11-08-12','DD-MM-RR'),1,to_date('11-08-12','DD-MM-RR'));
Insert into USEREMPLOYEE (USERID,SSN,COMPANYID,CREATEDBY,CREATEDON,MODIFIEDBY,MODIFIEDON) values (38,124316787,1,1,to_date('11-08-12','DD-MM-RR'),1,to_date('11-08-12','DD-MM-RR'));
Insert into USEREMPLOYEE (USERID,SSN,COMPANYID,CREATEDBY,CREATEDON,MODIFIEDBY,MODIFIEDON) values (39,124316788,1,1,to_date('11-08-12','DD-MM-RR'),1,to_date('11-08-12','DD-MM-RR'));
Insert into USEREMPLOYEE (USERID,SSN,COMPANYID,CREATEDBY,CREATEDON,MODIFIEDBY,MODIFIEDON) values (40,124316789,1,1,to_date('11-08-12','DD-MM-RR'),1,to_date('11-08-12','DD-MM-RR'));
Insert into USEREMPLOYEE (USERID,SSN,COMPANYID,CREATEDBY,CREATEDON,MODIFIEDBY,MODIFIEDON) values (41,124313781,1,1,to_date('11-08-12','DD-MM-RR'),1,to_date('11-08-12','DD-MM-RR'));
Insert into USEREMPLOYEE (USERID,SSN,COMPANYID,CREATEDBY,CREATEDON,MODIFIEDBY,MODIFIEDON) values (42,124313782,1,1,to_date('11-08-12','DD-MM-RR'),1,to_date('11-08-12','DD-MM-RR'));


REM INSERTING into ATTRACTION
SET DEFINE OFF;
Insert into ATTRACTION (ID,CODE,NAME,ADDRESS,DESCRIPTION,DEFAULT_NO_TICKETS,CITYID,ATTRACTIONTYPEID,TIMINGS,COMMISSION,COMPANYID,DIRECTORID,COSTPERTICKET,CREATEDBY,CREATEDON,MODIFIEDBY,MODIFIEDON) values (2,'GDN','Skydeck Willis To','chicago','very nice',200,1,1,'8 am',100,1,15,25,to_date('01-01-12','DD-MM-RR'),to_date('01-01-12','DD-MM-RR'),to_date('01-01-12','DD-MM-RR'),to_date('01-01-12','DD-MM-RR'));
Insert into ATTRACTION (ID,CODE,NAME,ADDRESS,DESCRIPTION,DEFAULT_NO_TICKETS,CITYID,ATTRACTIONTYPEID,TIMINGS,COMMISSION,COMPANYID,DIRECTORID,COSTPERTICKET,CREATEDBY,CREATEDON,MODIFIEDBY,MODIFIEDON) values (3,'GDN','Shedd Aquarium','chicago','very nice',200,1,1,'8 am',100,1,20,20,to_date('01-01-12','DD-MM-RR'),to_date('01-01-12','DD-MM-RR'),to_date('01-01-12','DD-MM-RR'),to_date('01-01-12','DD-MM-RR'));
Insert into ATTRACTION (ID,CODE,NAME,ADDRESS,DESCRIPTION,DEFAULT_NO_TICKETS,CITYID,ATTRACTIONTYPEID,TIMINGS,COMMISSION,COMPANYID,DIRECTORID,COSTPERTICKET,CREATEDBY,CREATEDON,MODIFIEDBY,MODIFIEDON) values (4,'GDN','Staten Island Ferry','New York','very nice',200,2,1,'8 am',100,1,24,10,to_date('01-01-12','DD-MM-RR'),to_date('01-01-12','DD-MM-RR'),to_date('01-01-12','DD-MM-RR'),to_date('01-01-12','DD-MM-RR'));
Insert into ATTRACTION (ID,CODE,NAME,ADDRESS,DESCRIPTION,DEFAULT_NO_TICKETS,CITYID,ATTRACTIONTYPEID,TIMINGS,COMMISSION,COMPANYID,DIRECTORID,COSTPERTICKET,CREATEDBY,CREATEDON,MODIFIEDBY,MODIFIEDON) values (5,'GDN','Statue of Liberty','New York','very nice',200,2,1,'8 am',100,1,28,15,to_date('01-01-12','DD-MM-RR'),to_date('01-01-12','DD-MM-RR'),to_date('01-01-12','DD-MM-RR'),to_date('01-01-12','DD-MM-RR'));
Insert into ATTRACTION (ID,CODE,NAME,ADDRESS,DESCRIPTION,DEFAULT_NO_TICKETS,CITYID,ATTRACTIONTYPEID,TIMINGS,COMMISSION,COMPANYID,DIRECTORID,COSTPERTICKET,CREATEDBY,CREATEDON,MODIFIEDBY,MODIFIEDON) values (6,'GDN','American Museum of Natural History','New York','very nice',200,2,1,'8 am',5,3,NULL,25,to_date('01-01-12','DD-MM-RR'),to_date('01-01-12','DD-MM-RR'),to_date('01-01-12','DD-MM-RR'),to_date('01-01-12','DD-MM-RR'));
Insert into ATTRACTION (ID,CODE,NAME,ADDRESS,DESCRIPTION,DEFAULT_NO_TICKETS,CITYID,ATTRACTIONTYPEID,TIMINGS,COMMISSION,COMPANYID,DIRECTORID,COSTPERTICKET,CREATEDBY,CREATEDON,MODIFIEDBY,MODIFIEDON) values (7,'GDN','Adler Planetarium','Chicago','very nice',200,1,1,'8 am',5,2,NULL,12,to_date('01-01-12','DD-MM-RR'),to_date('01-01-12','DD-MM-RR'),to_date('01-01-12','DD-MM-RR'),to_date('01-01-12','DD-MM-RR'));
Insert into ATTRACTION (ID,CODE,NAME,ADDRESS,DESCRIPTION,DEFAULT_NO_TICKETS,CITYID,ATTRACTIONTYPEID,TIMINGS,COMMISSION,COMPANYID,DIRECTORID,COSTPERTICKET,CREATEDBY,CREATEDON,MODIFIEDBY,MODIFIEDON) values (8,'GDN','Empire State Building','New York','very nice',200,2,1,'8 am',5,5,NULL,10,to_date('01-01-12','DD-MM-RR'),to_date('01-01-12','DD-MM-RR'),to_date('01-01-12','DD-MM-RR'),to_date('01-01-12','DD-MM-RR'));
Insert into ATTRACTION (ID,CODE,NAME,ADDRESS,DESCRIPTION,DEFAULT_NO_TICKETS,CITYID,ATTRACTIONTYPEID,TIMINGS,COMMISSION,COMPANYID,DIRECTORID,COSTPERTICKET,CREATEDBY,CREATEDON,MODIFIEDBY,MODIFIEDON) values (9,'GDN','Museum of Modern Art','New York','very nice',200,1,1,'8 am',5,3,NULL,10,to_date('01-01-12','DD-MM-RR'),to_date('01-01-12','DD-MM-RR'),to_date('01-01-12','DD-MM-RR'),to_date('01-01-12','DD-MM-RR'));
Insert into ATTRACTION (ID,CODE,NAME,ADDRESS,DESCRIPTION,DEFAULT_NO_TICKETS,CITYID,ATTRACTIONTYPEID,TIMINGS,COMMISSION,COMPANYID,DIRECTORID,COSTPERTICKET,CREATEDBY,CREATEDON,MODIFIEDBY,MODIFIEDON) values (10,'GDN','Lincoln Park Zoo','chicago','very nice',200,2,1,'8 am',5,2,NULL,10,to_date('01-01-12','DD-MM-RR'),to_date('01-01-12','DD-MM-RR'),to_date('01-01-12','DD-MM-RR'),to_date('01-01-12','DD-MM-RR'));
Insert into ATTRACTION (ID,CODE,NAME,ADDRESS,DESCRIPTION,DEFAULT_NO_TICKETS,CITYID,ATTRACTIONTYPEID,TIMINGS,COMMISSION,COMPANYID,DIRECTORID,COSTPERTICKET,CREATEDBY,CREATEDON,MODIFIEDBY,MODIFIEDON) values (1,'GDN','Botanical Garden','chicago','very nice',200,1,1,'8 am',100,4,10,10,to_date('01-01-12','DD-MM-RR'),to_date('01-01-12','DD-MM-RR'),to_date('01-01-12','DD-MM-RR'),to_date('01-01-12','DD-MM-RR'));


REM INSERTING into MEMBERSHIP_TYPE
SET DEFINE OFF;
Insert into MEMBERSHIP_TYPE (ID,NAME,CREDIT_POINTS_NEEDED,CREATEDBY,CREATEDON,MODIFIEDBY,MODIFIEDON) values (1,'PLATINUM',10000,1,to_date('11-08-12','DD-MM-RR'),1,to_date('11-08-12','DD-MM-RR'));
Insert into MEMBERSHIP_TYPE (ID,NAME,CREDIT_POINTS_NEEDED,CREATEDBY,CREATEDON,MODIFIEDBY,MODIFIEDON) values (2,'GOLD',8000,1,to_date('11-08-12','DD-MM-RR'),1,to_date('11-08-12','DD-MM-RR'));
Insert into MEMBERSHIP_TYPE (ID,NAME,CREDIT_POINTS_NEEDED,CREATEDBY,CREATEDON,MODIFIEDBY,MODIFIEDON) values (3,'SILVER',5000,1,to_date('11-08-12','DD-MM-RR'),1,to_date('11-08-12','DD-MM-RR'));
Insert into MEMBERSHIP_TYPE (ID,NAME,CREDIT_POINTS_NEEDED,CREATEDBY,CREATEDON,MODIFIEDBY,MODIFIEDON) values (4,'GENERAL',0,1,to_date('11-08-12','DD-MM-RR'),1,to_date('11-08-12','DD-MM-RR'));

REM INSERTING into USERWEBSITE
SET DEFINE OFF;
Insert into USERWEBSITE (USERID,REWARDPOINTS,CREDITPOINTS,MEMBERSHIPTYPE,CREATEDBY,CREATEDON,MODIFIEDBY,MODIFIEDON) values (7,0,0,4,1,to_date('11-08-12','DD-MM-RR'),1,to_date('11-08-12','DD-MM-RR'));
Insert into USERWEBSITE (USERID,REWARDPOINTS,CREDITPOINTS,MEMBERSHIPTYPE,CREATEDBY,CREATEDON,MODIFIEDBY,MODIFIEDON) values (8,0,0,4,1,to_date('11-08-12','DD-MM-RR'),1,to_date('11-08-12','DD-MM-RR'));
Insert into USERWEBSITE (USERID,REWARDPOINTS,CREDITPOINTS,MEMBERSHIPTYPE,CREATEDBY,CREATEDON,MODIFIEDBY,MODIFIEDON) values (9,0,0,4,1,to_date('11-08-12','DD-MM-RR'),1,to_date('11-08-12','DD-MM-RR'));

REM INSERTING into USERPHONES
SET DEFINE OFF;
Insert into USERPHONES (ID,USERID,PHONENUMBER,CREATEDBY,CREATEDON,MODIFIEDBY,MODIFIEDON) values (1,7,3121234561,1,to_date('11-08-12','DD-MM-RR'),1,to_date('11-08-12','DD-MM-RR'));
Insert into USERPHONES (ID,USERID,PHONENUMBER,CREATEDBY,CREATEDON,MODIFIEDBY,MODIFIEDON) values (2,8,3121234562,1,to_date('11-08-12','DD-MM-RR'),1,to_date('11-08-12','DD-MM-RR'));
Insert into USERPHONES (ID,USERID,PHONENUMBER,CREATEDBY,CREATEDON,MODIFIEDBY,MODIFIEDON) values (3,9,3121234563,1,to_date('11-08-12','DD-MM-RR'),1,to_date('11-08-12','DD-MM-RR'));
Insert into USERPHONES (ID,USERID,PHONENUMBER,CREATEDBY,CREATEDON,MODIFIEDBY,MODIFIEDON) values (4,10,3122234564,1,to_date('11-08-12','DD-MM-RR'),1,to_date('11-08-12','DD-MM-RR'));
Insert into USERPHONES (ID,USERID,PHONENUMBER,CREATEDBY,CREATEDON,MODIFIEDBY,MODIFIEDON) values (5,11,3123234565,1,to_date('11-08-12','DD-MM-RR'),1,to_date('11-08-12','DD-MM-RR'));
Insert into USERPHONES (ID,USERID,PHONENUMBER,CREATEDBY,CREATEDON,MODIFIEDBY,MODIFIEDON) values (6,12,3124234561,1,to_date('11-08-12','DD-MM-RR'),1,to_date('11-08-12','DD-MM-RR'));
Insert into USERPHONES (ID,USERID,PHONENUMBER,CREATEDBY,CREATEDON,MODIFIEDBY,MODIFIEDON) values (7,13,3124234561,1,to_date('11-08-12','DD-MM-RR'),1,to_date('11-08-12','DD-MM-RR'));
Insert into USERPHONES (ID,USERID,PHONENUMBER,CREATEDBY,CREATEDON,MODIFIEDBY,MODIFIEDON) values (8,14,3125234561,1,to_date('11-08-12','DD-MM-RR'),1,to_date('11-08-12','DD-MM-RR'));
Insert into USERPHONES (ID,USERID,PHONENUMBER,CREATEDBY,CREATEDON,MODIFIEDBY,MODIFIEDON) values (9,15,3126234561,1,to_date('11-08-12','DD-MM-RR'),1,to_date('11-08-12','DD-MM-RR'));
Insert into USERPHONES (ID,USERID,PHONENUMBER,CREATEDBY,CREATEDON,MODIFIEDBY,MODIFIEDON) values (10,16,3127234561,1,to_date('11-08-12','DD-MM-RR'),1,to_date('11-08-12','DD-MM-RR'));
Insert into USERPHONES (ID,USERID,PHONENUMBER,CREATEDBY,CREATEDON,MODIFIEDBY,MODIFIEDON) values (11,17,3128234561,1,to_date('11-08-12','DD-MM-RR'),1,to_date('11-08-12','DD-MM-RR'));
Insert into USERPHONES (ID,USERID,PHONENUMBER,CREATEDBY,CREATEDON,MODIFIEDBY,MODIFIEDON) values (12,18,3129234561,1,to_date('11-08-12','DD-MM-RR'),1,to_date('11-08-12','DD-MM-RR'));
Insert into USERPHONES (ID,USERID,PHONENUMBER,CREATEDBY,CREATEDON,MODIFIEDBY,MODIFIEDON) values (13,19,3121134561,1,to_date('11-08-12','DD-MM-RR'),1,to_date('11-08-12','DD-MM-RR'));
Insert into USERPHONES (ID,USERID,PHONENUMBER,CREATEDBY,CREATEDON,MODIFIEDBY,MODIFIEDON) values (14,20,3121334561,1,to_date('11-08-12','DD-MM-RR'),1,to_date('11-08-12','DD-MM-RR'));
Insert into USERPHONES (ID,USERID,PHONENUMBER,CREATEDBY,CREATEDON,MODIFIEDBY,MODIFIEDON) values (15,21,3121434561,1,to_date('11-08-12','DD-MM-RR'),1,to_date('11-08-12','DD-MM-RR'));
Insert into USERPHONES (ID,USERID,PHONENUMBER,CREATEDBY,CREATEDON,MODIFIEDBY,MODIFIEDON) values (16,22,3121534561,1,to_date('11-08-12','DD-MM-RR'),1,to_date('11-08-12','DD-MM-RR'));
Insert into USERPHONES (ID,USERID,PHONENUMBER,CREATEDBY,CREATEDON,MODIFIEDBY,MODIFIEDON) values (17,23,8881234561,1,to_date('11-08-12','DD-MM-RR'),1,to_date('11-08-12','DD-MM-RR'));
Insert into USERPHONES (ID,USERID,PHONENUMBER,CREATEDBY,CREATEDON,MODIFIEDBY,MODIFIEDON) values (18,24,8881234562,1,to_date('11-08-12','DD-MM-RR'),1,to_date('11-08-12','DD-MM-RR'));
Insert into USERPHONES (ID,USERID,PHONENUMBER,CREATEDBY,CREATEDON,MODIFIEDBY,MODIFIEDON) values (19,25,8881234563,1,to_date('11-08-12','DD-MM-RR'),1,to_date('11-08-12','DD-MM-RR'));
Insert into USERPHONES (ID,USERID,PHONENUMBER,CREATEDBY,CREATEDON,MODIFIEDBY,MODIFIEDON) values (20,26,8881234564,1,to_date('11-08-12','DD-MM-RR'),1,to_date('11-08-12','DD-MM-RR'));
Insert into USERPHONES (ID,USERID,PHONENUMBER,CREATEDBY,CREATEDON,MODIFIEDBY,MODIFIEDON) values (21,27,8881234565,1,to_date('11-08-12','DD-MM-RR'),1,to_date('11-08-12','DD-MM-RR'));
Insert into USERPHONES (ID,USERID,PHONENUMBER,CREATEDBY,CREATEDON,MODIFIEDBY,MODIFIEDON) values (22,28,8881234566,1,to_date('11-08-12','DD-MM-RR'),1,to_date('11-08-12','DD-MM-RR'));
Insert into USERPHONES (ID,USERID,PHONENUMBER,CREATEDBY,CREATEDON,MODIFIEDBY,MODIFIEDON) values (23,29,8881234567,1,to_date('11-08-12','DD-MM-RR'),1,to_date('11-08-12','DD-MM-RR'));
Insert into USERPHONES (ID,USERID,PHONENUMBER,CREATEDBY,CREATEDON,MODIFIEDBY,MODIFIEDON) values (24,30,8881234568,1,to_date('11-08-12','DD-MM-RR'),1,to_date('11-08-12','DD-MM-RR'));
Insert into USERPHONES (ID,USERID,PHONENUMBER,CREATEDBY,CREATEDON,MODIFIEDBY,MODIFIEDON) values (25,31,8881234512,1,to_date('11-08-12','DD-MM-RR'),1,to_date('11-08-12','DD-MM-RR'));
Insert into USERPHONES (ID,USERID,PHONENUMBER,CREATEDBY,CREATEDON,MODIFIEDBY,MODIFIEDON) values (26,32,8881234513,1,to_date('11-08-12','DD-MM-RR'),1,to_date('11-08-12','DD-MM-RR'));
Insert into USERPHONES (ID,USERID,PHONENUMBER,CREATEDBY,CREATEDON,MODIFIEDBY,MODIFIEDON) values (27,33,8881234514,1,to_date('11-08-12','DD-MM-RR'),1,to_date('11-08-12','DD-MM-RR'));
Insert into USERPHONES (ID,USERID,PHONENUMBER,CREATEDBY,CREATEDON,MODIFIEDBY,MODIFIEDON) values (28,34,8881234515,1,to_date('11-08-12','DD-MM-RR'),1,to_date('11-08-12','DD-MM-RR'));
Insert into USERPHONES (ID,USERID,PHONENUMBER,CREATEDBY,CREATEDON,MODIFIEDBY,MODIFIEDON) values (29,35,8881234516,1,to_date('11-08-12','DD-MM-RR'),1,to_date('11-08-12','DD-MM-RR'));
Insert into USERPHONES (ID,USERID,PHONENUMBER,CREATEDBY,CREATEDON,MODIFIEDBY,MODIFIEDON) values (30,36,8881234517,1,to_date('11-08-12','DD-MM-RR'),1,to_date('11-08-12','DD-MM-RR'));
Insert into USERPHONES (ID,USERID,PHONENUMBER,CREATEDBY,CREATEDON,MODIFIEDBY,MODIFIEDON) values (31,37,8881234518,1,to_date('11-08-12','DD-MM-RR'),1,to_date('11-08-12','DD-MM-RR'));
Insert into USERPHONES (ID,USERID,PHONENUMBER,CREATEDBY,CREATEDON,MODIFIEDBY,MODIFIEDON) values (32,38,8881234519,1,to_date('11-08-12','DD-MM-RR'),1,to_date('11-08-12','DD-MM-RR'));
Insert into USERPHONES (ID,USERID,PHONENUMBER,CREATEDBY,CREATEDON,MODIFIEDBY,MODIFIEDON) values (33,39,8881234521,1,to_date('11-08-12','DD-MM-RR'),1,to_date('11-08-12','DD-MM-RR'));
Insert into USERPHONES (ID,USERID,PHONENUMBER,CREATEDBY,CREATEDON,MODIFIEDBY,MODIFIEDON) values (34,40,8881234523,1,to_date('11-08-12','DD-MM-RR'),1,to_date('11-08-12','DD-MM-RR'));
Insert into USERPHONES (ID,USERID,PHONENUMBER,CREATEDBY,CREATEDON,MODIFIEDBY,MODIFIEDON) values (35,41,8881234524,1,to_date('11-08-12','DD-MM-RR'),1,to_date('11-08-12','DD-MM-RR'));
Insert into USERPHONES (ID,USERID,PHONENUMBER,CREATEDBY,CREATEDON,MODIFIEDBY,MODIFIEDON) values (36,42,8881234525,1,to_date('11-08-12','DD-MM-RR'),1,to_date('11-08-12','DD-MM-RR'));

REM INSERTING into USERPAYMENTINFO
SET DEFINE OFF;
Insert into USERPAYMENTINFO (USERID,CREDITCARDNUMBER,EXPIRYDATE,CODE,CREATEDBY,CREATEDON,MODIFIEDBY,MODIFIEDON) values (7,1111222233334444,to_date('11-08-14','DD-MM-RR'),334,1,to_date('11-08-12','DD-MM-RR'),1,to_date('11-08-12','DD-MM-RR'));
Insert into USERPAYMENTINFO (USERID,CREDITCARDNUMBER,EXPIRYDATE,CODE,CREATEDBY,CREATEDON,MODIFIEDBY,MODIFIEDON) values (8,5555222233334444,to_date('11-08-14','DD-MM-RR'),335,1,to_date('11-08-12','DD-MM-RR'),1,to_date('11-08-12','DD-MM-RR'));
Insert into USERPAYMENTINFO (USERID,CREDITCARDNUMBER,EXPIRYDATE,CODE,CREATEDBY,CREATEDON,MODIFIEDBY,MODIFIEDON) values (9,9999222233334444,to_date('11-08-14','DD-MM-RR'),339,1,to_date('11-08-12','DD-MM-RR'),1,to_date('11-08-12','DD-MM-RR'));

REM INSERTING into ROLE
SET DEFINE OFF;
Insert into ROLE (ID,NAME,DESCRIPTION,TYPE,CREATEDBY,CREATEDON,MODIFIEDBY,MODIFIEDON) values (1,'CEO','CCEO','type',1,to_date('11-08-12','DD-MM-RR'),1,to_date('11-08-12','DD-MM-RR'));
Insert into ROLE (ID,NAME,DESCRIPTION,TYPE,CREATEDBY,CREATEDON,MODIFIEDBY,MODIFIEDON) values (2,'VP OPERATIONS','VP OPERATIONS','type',1,to_date('11-08-12','DD-MM-RR'),1,to_date('11-08-12','DD-MM-RR'));
Insert into ROLE (ID,NAME,DESCRIPTION,TYPE,CREATEDBY,CREATEDON,MODIFIEDBY,MODIFIEDON) values (3,'VP MARKETING','VP MARKETING','type',1,to_date('11-08-12','DD-MM-RR'),1,to_date('11-08-12','DD-MM-RR'));
Insert into ROLE (ID,NAME,DESCRIPTION,TYPE,CREATEDBY,CREATEDON,MODIFIEDBY,MODIFIEDON) values (4,'CHIEF EDITOR','WWEBSITE CHIEF EDITOR','type',1,to_date('11-08-12','DD-MM-RR'),1,to_date('11-08-12','DD-MM-RR'));
Insert into ROLE (ID,NAME,DESCRIPTION,TYPE,CREATEDBY,CREATEDON,MODIFIEDBY,MODIFIEDON) values (5,'DIRECTOR',null,'type',1,to_date('11-08-12','DD-MM-RR'),1,to_date('11-08-12','DD-MM-RR'));
Insert into ROLE (ID,NAME,DESCRIPTION,TYPE,CREATEDBY,CREATEDON,MODIFIEDBY,MODIFIEDON) values (6,'STAFF_MAINTENANCE',null,'type',1,to_date('11-08-12','DD-MM-RR'),1,to_date('11-08-12','DD-MM-RR'));
Insert into ROLE (ID,NAME,DESCRIPTION,TYPE,CREATEDBY,CREATEDON,MODIFIEDBY,MODIFIEDON) values (7,'STAFF_TOURGUIDE',null,'type',1,to_date('11-08-12','DD-MM-RR'),1,to_date('11-08-12','DD-MM-RR'));
Insert into ROLE (ID,NAME,DESCRIPTION,TYPE,CREATEDBY,CREATEDON,MODIFIEDBY,MODIFIEDON) values (8,'STAFF_SECURITY',null,'type',1,to_date('11-08-12','DD-MM-RR'),1,to_date('11-08-12','DD-MM-RR'));
Insert into ROLE (ID,NAME,DESCRIPTION,TYPE,CREATEDBY,CREATEDON,MODIFIEDBY,MODIFIEDON) values (9,'STAFF_CURATOR',null,'type',1,to_date('11-08-12','DD-MM-RR'),1,to_date('11-08-12','DD-MM-RR'));
Insert into ROLE (ID,NAME,DESCRIPTION,TYPE,CREATEDBY,CREATEDON,MODIFIEDBY,MODIFIEDON) values (10,'STAFF_TICKETING',null,'type',1,to_date('11-08-12','DD-MM-RR'),1,to_date('11-08-12','DD-MM-RR'));
Insert into ROLE (ID,NAME,DESCRIPTION,TYPE,CREATEDBY,CREATEDON,MODIFIEDBY,MODIFIEDON) values (11,'STAFF_ADVERTISING',null,'type',1,to_date('11-08-12','DD-MM-RR'),1,to_date('11-08-12','DD-MM-RR'));
Insert into ROLE (ID,NAME,DESCRIPTION,TYPE,CREATEDBY,CREATEDON,MODIFIEDBY,MODIFIEDON) values (12,'STAFF_SALES',null,'type',1,to_date('11-08-12','DD-MM-RR'),1,to_date('11-08-12','DD-MM-RR'));
Insert into ROLE (ID,NAME,DESCRIPTION,TYPE,CREATEDBY,CREATEDON,MODIFIEDBY,MODIFIEDON) values (13,'STAFF_IND_LIASN',null,'type',1,to_date('11-08-12','DD-MM-RR'),1,to_date('11-08-12','DD-MM-RR'));
Insert into ROLE (ID,NAME,DESCRIPTION,TYPE,CREATEDBY,CREATEDON,MODIFIEDBY,MODIFIEDON) values (14,'HEAD_SALES',null,'type',1,to_date('11-08-12','DD-MM-RR'),1,to_date('11-08-12','DD-MM-RR'));
Insert into ROLE (ID,NAME,DESCRIPTION,TYPE,CREATEDBY,CREATEDON,MODIFIEDBY,MODIFIEDON) values (15,'HEAD_ADVERTISING',null,'type',1,to_date('11-08-12','DD-MM-RR'),1,to_date('11-08-12','DD-MM-RR'));
Insert into ROLE (ID,NAME,DESCRIPTION,TYPE,CREATEDBY,CREATEDON,MODIFIEDBY,MODIFIEDON) values (16,'HEAD_IND_LIASON',null,'type',1,to_date('11-08-12','DD-MM-RR'),1,to_date('11-08-12','DD-MM-RR'));

REM INSERTING into ATTRACTIONEMPLOYEE
SET DEFINE OFF;
Insert into ATTRACTIONEMPLOYEE (EMPLOYEEID,ATTRACTIONID,CREATEDBY,CREATEDON,MODIFIEDBY,MODIFIEDON) values (10,1,1,to_date('11-08-12','DD-MM-RR'),1,to_date('11-08-12','DD-MM-RR'));
Insert into ATTRACTIONEMPLOYEE (EMPLOYEEID,ATTRACTIONID,CREATEDBY,CREATEDON,MODIFIEDBY,MODIFIEDON) values (11,1,1,to_date('11-08-12','DD-MM-RR'),1,to_date('11-08-12','DD-MM-RR'));
Insert into ATTRACTIONEMPLOYEE (EMPLOYEEID,ATTRACTIONID,CREATEDBY,CREATEDON,MODIFIEDBY,MODIFIEDON) values (12,1,1,to_date('11-08-12','DD-MM-RR'),1,to_date('11-08-12','DD-MM-RR'));
Insert into ATTRACTIONEMPLOYEE (EMPLOYEEID,ATTRACTIONID,CREATEDBY,CREATEDON,MODIFIEDBY,MODIFIEDON) values (13,1,1,to_date('11-08-12','DD-MM-RR'),1,to_date('11-08-12','DD-MM-RR'));
Insert into ATTRACTIONEMPLOYEE (EMPLOYEEID,ATTRACTIONID,CREATEDBY,CREATEDON,MODIFIEDBY,MODIFIEDON) values (14,1,1,to_date('11-08-12','DD-MM-RR'),1,to_date('11-08-12','DD-MM-RR'));
Insert into ATTRACTIONEMPLOYEE (EMPLOYEEID,ATTRACTIONID,CREATEDBY,CREATEDON,MODIFIEDBY,MODIFIEDON) values (15,2,1,to_date('11-08-12','DD-MM-RR'),1,to_date('11-08-12','DD-MM-RR'));
Insert into ATTRACTIONEMPLOYEE (EMPLOYEEID,ATTRACTIONID,CREATEDBY,CREATEDON,MODIFIEDBY,MODIFIEDON) values (16,2,1,to_date('11-08-12','DD-MM-RR'),1,to_date('11-08-12','DD-MM-RR'));
Insert into ATTRACTIONEMPLOYEE (EMPLOYEEID,ATTRACTIONID,CREATEDBY,CREATEDON,MODIFIEDBY,MODIFIEDON) values (17,2,1,to_date('11-08-12','DD-MM-RR'),1,to_date('11-08-12','DD-MM-RR'));
Insert into ATTRACTIONEMPLOYEE (EMPLOYEEID,ATTRACTIONID,CREATEDBY,CREATEDON,MODIFIEDBY,MODIFIEDON) values (18,2,1,to_date('11-08-12','DD-MM-RR'),1,to_date('11-08-12','DD-MM-RR'));
Insert into ATTRACTIONEMPLOYEE (EMPLOYEEID,ATTRACTIONID,CREATEDBY,CREATEDON,MODIFIEDBY,MODIFIEDON) values (19,2,1,to_date('11-08-12','DD-MM-RR'),1,to_date('11-08-12','DD-MM-RR'));
Insert into ATTRACTIONEMPLOYEE (EMPLOYEEID,ATTRACTIONID,CREATEDBY,CREATEDON,MODIFIEDBY,MODIFIEDON) values (20,3,1,to_date('11-08-12','DD-MM-RR'),1,to_date('11-08-12','DD-MM-RR'));
Insert into ATTRACTIONEMPLOYEE (EMPLOYEEID,ATTRACTIONID,CREATEDBY,CREATEDON,MODIFIEDBY,MODIFIEDON) values (21,3,1,to_date('11-08-12','DD-MM-RR'),1,to_date('11-08-12','DD-MM-RR'));
Insert into ATTRACTIONEMPLOYEE (EMPLOYEEID,ATTRACTIONID,CREATEDBY,CREATEDON,MODIFIEDBY,MODIFIEDON) values (22,3,1,to_date('11-08-12','DD-MM-RR'),1,to_date('11-08-12','DD-MM-RR'));
Insert into ATTRACTIONEMPLOYEE (EMPLOYEEID,ATTRACTIONID,CREATEDBY,CREATEDON,MODIFIEDBY,MODIFIEDON) values (31,3,1,to_date('11-08-12','DD-MM-RR'),1,to_date('11-08-12','DD-MM-RR'));
Insert into ATTRACTIONEMPLOYEE (EMPLOYEEID,ATTRACTIONID,CREATEDBY,CREATEDON,MODIFIEDBY,MODIFIEDON) values (23,3,1,to_date('11-08-12','DD-MM-RR'),1,to_date('11-08-12','DD-MM-RR'));
Insert into ATTRACTIONEMPLOYEE (EMPLOYEEID,ATTRACTIONID,CREATEDBY,CREATEDON,MODIFIEDBY,MODIFIEDON) values (24,4,1,to_date('11-08-12','DD-MM-RR'),1,to_date('11-08-12','DD-MM-RR'));
Insert into ATTRACTIONEMPLOYEE (EMPLOYEEID,ATTRACTIONID,CREATEDBY,CREATEDON,MODIFIEDBY,MODIFIEDON) values (25,4,1,to_date('11-08-12','DD-MM-RR'),1,to_date('11-08-12','DD-MM-RR'));
Insert into ATTRACTIONEMPLOYEE (EMPLOYEEID,ATTRACTIONID,CREATEDBY,CREATEDON,MODIFIEDBY,MODIFIEDON) values (26,4,1,to_date('11-08-12','DD-MM-RR'),1,to_date('11-08-12','DD-MM-RR'));
Insert into ATTRACTIONEMPLOYEE (EMPLOYEEID,ATTRACTIONID,CREATEDBY,CREATEDON,MODIFIEDBY,MODIFIEDON) values (27,4,1,to_date('11-08-12','DD-MM-RR'),1,to_date('11-08-12','DD-MM-RR'));
Insert into ATTRACTIONEMPLOYEE (EMPLOYEEID,ATTRACTIONID,CREATEDBY,CREATEDON,MODIFIEDBY,MODIFIEDON) values (28,4,1,to_date('11-08-12','DD-MM-RR'),1,to_date('11-08-12','DD-MM-RR'));
Insert into ATTRACTIONEMPLOYEE (EMPLOYEEID,ATTRACTIONID,CREATEDBY,CREATEDON,MODIFIEDBY,MODIFIEDON) values (29,5,1,to_date('11-08-12','DD-MM-RR'),1,to_date('11-08-12','DD-MM-RR'));
Insert into ATTRACTIONEMPLOYEE (EMPLOYEEID,ATTRACTIONID,CREATEDBY,CREATEDON,MODIFIEDBY,MODIFIEDON) values (30,5,1,to_date('11-08-12','DD-MM-RR'),1,to_date('11-08-12','DD-MM-RR'));
Insert into ATTRACTIONEMPLOYEE (EMPLOYEEID,ATTRACTIONID,CREATEDBY,CREATEDON,MODIFIEDBY,MODIFIEDON) values (32,5,1,to_date('11-08-12','DD-MM-RR'),1,to_date('11-08-12','DD-MM-RR'));
Insert into ATTRACTIONEMPLOYEE (EMPLOYEEID,ATTRACTIONID,CREATEDBY,CREATEDON,MODIFIEDBY,MODIFIEDON) values (33,5,1,to_date('11-08-12','DD-MM-RR'),1,to_date('11-08-12','DD-MM-RR'));
Insert into ATTRACTIONEMPLOYEE (EMPLOYEEID,ATTRACTIONID,CREATEDBY,CREATEDON,MODIFIEDBY,MODIFIEDON) values (34,5,1,to_date('11-08-12','DD-MM-RR'),1,to_date('11-08-12','DD-MM-RR'));

REM INSERTING into TEAM
SET DEFINE OFF;
Insert into TEAM (ID,NAME,BOSS_EMPLOYEE_ID,CREATEDBY,CREATEDON,MODIFIEDBY,MODIFIEDON) values (1,'ADVERTISING',4,1,to_date('11-08-12','DD-MM-RR'),1,to_date('11-08-12','DD-MM-RR'));
Insert into TEAM (ID,NAME,BOSS_EMPLOYEE_ID,CREATEDBY,CREATEDON,MODIFIEDBY,MODIFIEDON) values (2,'SALES',5,1,to_date('11-08-12','DD-MM-RR'),1,to_date('11-08-12','DD-MM-RR'));
Insert into TEAM (ID,NAME,BOSS_EMPLOYEE_ID,CREATEDBY,CREATEDON,MODIFIEDBY,MODIFIEDON) values (3,'INDUSTRY_LIASON',6,1,to_date('11-08-12','DD-MM-RR'),1,to_date('11-08-12','DD-MM-RR'));
Insert into TEAM (ID,NAME,BOSS_EMPLOYEE_ID,CREATEDBY,CREATEDON,MODIFIEDBY,MODIFIEDON) values (4,'OPERATIONS',1,1,to_date('11-08-12','DD-MM-RR'),1,to_date('11-08-12','DD-MM-RR'));
Insert into TEAM (ID,NAME,BOSS_EMPLOYEE_ID,CREATEDBY,CREATEDON,MODIFIEDBY,MODIFIEDON) values (5,'MARKETING',2,1,to_date('11-08-12','DD-MM-RR'),1,to_date('11-08-12','DD-MM-RR'));
Insert into TEAM (ID,NAME,BOSS_EMPLOYEE_ID,CREATEDBY,CREATEDON,MODIFIEDBY,MODIFIEDON) values (6,'CHICAGO_ATTRACTIONS',10,1,to_date('11-08-12','DD-MM-RR'),1,to_date('11-08-12','DD-MM-RR'));
Insert into TEAM (ID,NAME,BOSS_EMPLOYEE_ID,CREATEDBY,CREATEDON,MODIFIEDBY,MODIFIEDON) values (7,'NEWYORK_ATTRACTIONS',24,1,to_date('11-08-12','DD-MM-RR'),1,to_date('11-08-12','DD-MM-RR'));

REM INSERTING into EMPLOYEE_TEAM
SET DEFINE OFF;
Insert into EMPLOYEE_TEAM (EMPLOYEEID,TEAMID,CREATEDBY,CREATEDON,MODIFIEDBY,MODIFIEDON) values (32,1,1,to_date('11-08-12','DD-MM-RR'),1,to_date('11-08-12','DD-MM-RR'));
Insert into EMPLOYEE_TEAM (EMPLOYEEID,TEAMID,CREATEDBY,CREATEDON,MODIFIEDBY,MODIFIEDON) values (33,1,1,to_date('11-08-12','DD-MM-RR'),1,to_date('11-08-12','DD-MM-RR'));
Insert into EMPLOYEE_TEAM (EMPLOYEEID,TEAMID,CREATEDBY,CREATEDON,MODIFIEDBY,MODIFIEDON) values (34,1,1,to_date('11-08-12','DD-MM-RR'),1,to_date('11-08-12','DD-MM-RR'));
Insert into EMPLOYEE_TEAM (EMPLOYEEID,TEAMID,CREATEDBY,CREATEDON,MODIFIEDBY,MODIFIEDON) values (35,1,1,to_date('11-08-12','DD-MM-RR'),1,to_date('11-08-12','DD-MM-RR'));
Insert into EMPLOYEE_TEAM (EMPLOYEEID,TEAMID,CREATEDBY,CREATEDON,MODIFIEDBY,MODIFIEDON) values (36,2,1,to_date('11-08-12','DD-MM-RR'),1,to_date('11-08-12','DD-MM-RR'));
Insert into EMPLOYEE_TEAM (EMPLOYEEID,TEAMID,CREATEDBY,CREATEDON,MODIFIEDBY,MODIFIEDON) values (37,2,1,to_date('11-08-12','DD-MM-RR'),1,to_date('11-08-12','DD-MM-RR'));
Insert into EMPLOYEE_TEAM (EMPLOYEEID,TEAMID,CREATEDBY,CREATEDON,MODIFIEDBY,MODIFIEDON) values (38,2,1,to_date('11-08-12','DD-MM-RR'),1,to_date('11-08-12','DD-MM-RR'));
Insert into EMPLOYEE_TEAM (EMPLOYEEID,TEAMID,CREATEDBY,CREATEDON,MODIFIEDBY,MODIFIEDON) values (39,2,1,to_date('11-08-12','DD-MM-RR'),1,to_date('11-08-12','DD-MM-RR'));
Insert into EMPLOYEE_TEAM (EMPLOYEEID,TEAMID,CREATEDBY,CREATEDON,MODIFIEDBY,MODIFIEDON) values (40,3,1,to_date('11-08-12','DD-MM-RR'),1,to_date('11-08-12','DD-MM-RR'));
Insert into EMPLOYEE_TEAM (EMPLOYEEID,TEAMID,CREATEDBY,CREATEDON,MODIFIEDBY,MODIFIEDON) values (41,3,1,to_date('11-08-12','DD-MM-RR'),1,to_date('11-08-12','DD-MM-RR'));
Insert into EMPLOYEE_TEAM (EMPLOYEEID,TEAMID,CREATEDBY,CREATEDON,MODIFIEDBY,MODIFIEDON) values (42,3,1,to_date('11-08-12','DD-MM-RR'),1,to_date('11-08-12','DD-MM-RR'));
Insert into EMPLOYEE_TEAM (EMPLOYEEID,TEAMID,CREATEDBY,CREATEDON,MODIFIEDBY,MODIFIEDON) values (4,5,1,to_date('11-08-12','DD-MM-RR'),1,to_date('11-08-12','DD-MM-RR'));
Insert into EMPLOYEE_TEAM (EMPLOYEEID,TEAMID,CREATEDBY,CREATEDON,MODIFIEDBY,MODIFIEDON) values (5,5,1,to_date('11-08-12','DD-MM-RR'),1,to_date('11-08-12','DD-MM-RR'));
Insert into EMPLOYEE_TEAM (EMPLOYEEID,TEAMID,CREATEDBY,CREATEDON,MODIFIEDBY,MODIFIEDON) values (6,5,1,to_date('11-08-12','DD-MM-RR'),1,to_date('11-08-12','DD-MM-RR'));
Insert into EMPLOYEE_TEAM (EMPLOYEEID,TEAMID,CREATEDBY,CREATEDON,MODIFIEDBY,MODIFIEDON) values (2,5,1,to_date('11-08-12','DD-MM-RR'),1,to_date('11-08-12','DD-MM-RR'));
Insert into EMPLOYEE_TEAM (EMPLOYEEID,TEAMID,CREATEDBY,CREATEDON,MODIFIEDBY,MODIFIEDON) values (10,4,1,to_date('11-08-12','DD-MM-RR'),1,to_date('11-08-12','DD-MM-RR'));
Insert into EMPLOYEE_TEAM (EMPLOYEEID,TEAMID,CREATEDBY,CREATEDON,MODIFIEDBY,MODIFIEDON) values (15,4,1,to_date('11-08-12','DD-MM-RR'),1,to_date('11-08-12','DD-MM-RR'));
Insert into EMPLOYEE_TEAM (EMPLOYEEID,TEAMID,CREATEDBY,CREATEDON,MODIFIEDBY,MODIFIEDON) values (20,4,1,to_date('11-08-12','DD-MM-RR'),1,to_date('11-08-12','DD-MM-RR'));
Insert into EMPLOYEE_TEAM (EMPLOYEEID,TEAMID,CREATEDBY,CREATEDON,MODIFIEDBY,MODIFIEDON) values (24,4,1,to_date('11-08-12','DD-MM-RR'),1,to_date('11-08-12','DD-MM-RR'));
Insert into EMPLOYEE_TEAM (EMPLOYEEID,TEAMID,CREATEDBY,CREATEDON,MODIFIEDBY,MODIFIEDON) values (28,4,1,to_date('11-08-12','DD-MM-RR'),1,to_date('11-08-12','DD-MM-RR'));
Insert into EMPLOYEE_TEAM (EMPLOYEEID,TEAMID,CREATEDBY,CREATEDON,MODIFIEDBY,MODIFIEDON) values (10,6,1,to_date('11-08-12','DD-MM-RR'),1,to_date('11-08-12','DD-MM-RR'));
Insert into EMPLOYEE_TEAM (EMPLOYEEID,TEAMID,CREATEDBY,CREATEDON,MODIFIEDBY,MODIFIEDON) values (32,6,1,to_date('11-08-12','DD-MM-RR'),1,to_date('11-08-12','DD-MM-RR'));
Insert into EMPLOYEE_TEAM (EMPLOYEEID,TEAMID,CREATEDBY,CREATEDON,MODIFIEDBY,MODIFIEDON) values (36,6,1,to_date('11-08-12','DD-MM-RR'),1,to_date('11-08-12','DD-MM-RR'));
Insert into EMPLOYEE_TEAM (EMPLOYEEID,TEAMID,CREATEDBY,CREATEDON,MODIFIEDBY,MODIFIEDON) values (40,6,1,to_date('11-08-12','DD-MM-RR'),1,to_date('11-08-12','DD-MM-RR'));
Insert into EMPLOYEE_TEAM (EMPLOYEEID,TEAMID,CREATEDBY,CREATEDON,MODIFIEDBY,MODIFIEDON) values (24,7,1,to_date('11-08-12','DD-MM-RR'),1,to_date('11-08-12','DD-MM-RR'));
Insert into EMPLOYEE_TEAM (EMPLOYEEID,TEAMID,CREATEDBY,CREATEDON,MODIFIEDBY,MODIFIEDON) values (33,7,1,to_date('11-08-12','DD-MM-RR'),1,to_date('11-08-12','DD-MM-RR'));
Insert into EMPLOYEE_TEAM (EMPLOYEEID,TEAMID,CREATEDBY,CREATEDON,MODIFIEDBY,MODIFIEDON) values (37,7,1,to_date('11-08-12','DD-MM-RR'),1,to_date('11-08-12','DD-MM-RR'));
Insert into EMPLOYEE_TEAM (EMPLOYEEID,TEAMID,CREATEDBY,CREATEDON,MODIFIEDBY,MODIFIEDON) values (41,7,1,to_date('11-08-12','DD-MM-RR'),1,to_date('11-08-12','DD-MM-RR'));

REM INSERTING into ATTRACTIONMANAGEMENT
SET DEFINE OFF;
Insert into ATTRACTIONMANAGEMENT (ATTRACTIONID,MAINTENANCECOUNT,SECURITYCOUNT,TICKETINGCOUNT,CURATORCOUNT,TOURGUIDECOUNT,MODIFIEDBY,MODIFIEDON,CREATEDBY,CREATEDON,STAFFDELEGATIONFLAG) values (1,0,1,1,0,1,1,to_date('11-08-12','DD-MM-RR'),1,to_date('11-08-12','DD-MM-RR'),0);
Insert into ATTRACTIONMANAGEMENT (ATTRACTIONID,MAINTENANCECOUNT,SECURITYCOUNT,TICKETINGCOUNT,CURATORCOUNT,TOURGUIDECOUNT,MODIFIEDBY,MODIFIEDON,CREATEDBY,CREATEDON,STAFFDELEGATIONFLAG) values (2,0,1,1,0,1,1,to_date('11-08-12','DD-MM-RR'),1,to_date('11-08-12','DD-MM-RR'),0);
Insert into ATTRACTIONMANAGEMENT (ATTRACTIONID,MAINTENANCECOUNT,SECURITYCOUNT,TICKETINGCOUNT,CURATORCOUNT,TOURGUIDECOUNT,MODIFIEDBY,MODIFIEDON,CREATEDBY,CREATEDON,STAFFDELEGATIONFLAG) values (3,0,1,1,0,1,1,to_date('11-08-12','DD-MM-RR'),1,to_date('11-08-12','DD-MM-RR'),0);
Insert into ATTRACTIONMANAGEMENT (ATTRACTIONID,MAINTENANCECOUNT,SECURITYCOUNT,TICKETINGCOUNT,CURATORCOUNT,TOURGUIDECOUNT,MODIFIEDBY,MODIFIEDON,CREATEDBY,CREATEDON,STAFFDELEGATIONFLAG) values (4,0,1,1,0,1,1,to_date('11-08-12','DD-MM-RR'),1,to_date('11-08-12','DD-MM-RR'),0);
Insert into ATTRACTIONMANAGEMENT (ATTRACTIONID,MAINTENANCECOUNT,SECURITYCOUNT,TICKETINGCOUNT,CURATORCOUNT,TOURGUIDECOUNT,MODIFIEDBY,MODIFIEDON,CREATEDBY,CREATEDON,STAFFDELEGATIONFLAG) values (5,0,1,1,0,1,1,to_date('11-08-12','DD-MM-RR'),1,to_date('11-08-12','DD-MM-RR'),0);

REM INSERTING into ACTIVITYTYPE
SET DEFINE OFF;
Insert into ACTIVITYTYPE (ID,NAME,POINTSEARNED,CREATEDBY,CREATEDON,MODIFIEDBY,MODIFIEDON) values (1,'PURCHASE',10,1,to_date('11-08-12','DD-MM-RR'),1,to_date('11-08-12','DD-MM-RR'));
Insert into ACTIVITYTYPE (ID,NAME,POINTSEARNED,CREATEDBY,CREATEDON,MODIFIEDBY,MODIFIEDON) values (2,'REVIEWS',2,1,to_date('11-08-12','DD-MM-RR'),1,to_date('11-08-12','DD-MM-RR'));

REM INSERTING into EMPLOYEEROLE
SET DEFINE OFF;
Insert into EMPLOYEEROLE (EMPLOYEEID,ROLEID,CREATEDBY,CREATEDON,MODIFIEDBY,MODIFIEDON) values (1,1,1,to_date('11-08-12','DD-MM-RR'),1,to_date('11-08-12','DD-MM-RR'));
Insert into EMPLOYEEROLE (EMPLOYEEID,ROLEID,CREATEDBY,CREATEDON,MODIFIEDBY,MODIFIEDON) values (1,2,1,to_date('11-08-12','DD-MM-RR'),1,to_date('11-08-12','DD-MM-RR'));
Insert into EMPLOYEEROLE (EMPLOYEEID,ROLEID,CREATEDBY,CREATEDON,MODIFIEDBY,MODIFIEDON) values (2,3,1,to_date('11-08-12','DD-MM-RR'),1,to_date('11-08-12','DD-MM-RR'));
Insert into EMPLOYEEROLE (EMPLOYEEID,ROLEID,CREATEDBY,CREATEDON,MODIFIEDBY,MODIFIEDON) values (3,4,1,to_date('11-08-12','DD-MM-RR'),1,to_date('11-08-12','DD-MM-RR'));
Insert into EMPLOYEEROLE (EMPLOYEEID,ROLEID,CREATEDBY,CREATEDON,MODIFIEDBY,MODIFIEDON) values (4,14,1,to_date('11-08-12','DD-MM-RR'),1,to_date('11-08-12','DD-MM-RR'));
Insert into EMPLOYEEROLE (EMPLOYEEID,ROLEID,CREATEDBY,CREATEDON,MODIFIEDBY,MODIFIEDON) values (5,15,1,to_date('11-08-12','DD-MM-RR'),1,to_date('11-08-12','DD-MM-RR'));
Insert into EMPLOYEEROLE (EMPLOYEEID,ROLEID,CREATEDBY,CREATEDON,MODIFIEDBY,MODIFIEDON) values (6,16,1,to_date('11-08-12','DD-MM-RR'),1,to_date('11-08-12','DD-MM-RR'));
Insert into EMPLOYEEROLE (EMPLOYEEID,ROLEID,CREATEDBY,CREATEDON,MODIFIEDBY,MODIFIEDON) values (10,5,1,to_date('11-08-12','DD-MM-RR'),1,to_date('11-08-12','DD-MM-RR'));
Insert into EMPLOYEEROLE (EMPLOYEEID,ROLEID,CREATEDBY,CREATEDON,MODIFIEDBY,MODIFIEDON) values (11,6,1,to_date('11-08-12','DD-MM-RR'),1,to_date('11-08-12','DD-MM-RR'));
Insert into EMPLOYEEROLE (EMPLOYEEID,ROLEID,CREATEDBY,CREATEDON,MODIFIEDBY,MODIFIEDON) values (12,7,1,to_date('11-08-12','DD-MM-RR'),1,to_date('11-08-12','DD-MM-RR'));
Insert into EMPLOYEEROLE (EMPLOYEEID,ROLEID,CREATEDBY,CREATEDON,MODIFIEDBY,MODIFIEDON) values (13,8,1,to_date('11-08-12','DD-MM-RR'),1,to_date('11-08-12','DD-MM-RR'));
Insert into EMPLOYEEROLE (EMPLOYEEID,ROLEID,CREATEDBY,CREATEDON,MODIFIEDBY,MODIFIEDON) values (14,10,1,to_date('11-08-12','DD-MM-RR'),1,to_date('11-08-12','DD-MM-RR'));
Insert into EMPLOYEEROLE (EMPLOYEEID,ROLEID,CREATEDBY,CREATEDON,MODIFIEDBY,MODIFIEDON) values (15,5,1,to_date('11-08-12','DD-MM-RR'),1,to_date('11-08-12','DD-MM-RR'));
Insert into EMPLOYEEROLE (EMPLOYEEID,ROLEID,CREATEDBY,CREATEDON,MODIFIEDBY,MODIFIEDON) values (16,6,1,to_date('11-08-12','DD-MM-RR'),1,to_date('11-08-12','DD-MM-RR'));
Insert into EMPLOYEEROLE (EMPLOYEEID,ROLEID,CREATEDBY,CREATEDON,MODIFIEDBY,MODIFIEDON) values (17,7,1,to_date('11-08-12','DD-MM-RR'),1,to_date('11-08-12','DD-MM-RR'));
Insert into EMPLOYEEROLE (EMPLOYEEID,ROLEID,CREATEDBY,CREATEDON,MODIFIEDBY,MODIFIEDON) values (18,8,1,to_date('11-08-12','DD-MM-RR'),1,to_date('11-08-12','DD-MM-RR'));
Insert into EMPLOYEEROLE (EMPLOYEEID,ROLEID,CREATEDBY,CREATEDON,MODIFIEDBY,MODIFIEDON) values (19,10,1,to_date('11-08-12','DD-MM-RR'),1,to_date('11-08-12','DD-MM-RR'));
Insert into EMPLOYEEROLE (EMPLOYEEID,ROLEID,CREATEDBY,CREATEDON,MODIFIEDBY,MODIFIEDON) values (20,5,1,to_date('11-08-12','DD-MM-RR'),1,to_date('11-08-12','DD-MM-RR'));
Insert into EMPLOYEEROLE (EMPLOYEEID,ROLEID,CREATEDBY,CREATEDON,MODIFIEDBY,MODIFIEDON) values (21,6,1,to_date('11-08-12','DD-MM-RR'),1,to_date('11-08-12','DD-MM-RR'));
Insert into EMPLOYEEROLE (EMPLOYEEID,ROLEID,CREATEDBY,CREATEDON,MODIFIEDBY,MODIFIEDON) values (22,7,1,to_date('11-08-12','DD-MM-RR'),1,to_date('11-08-12','DD-MM-RR'));
Insert into EMPLOYEEROLE (EMPLOYEEID,ROLEID,CREATEDBY,CREATEDON,MODIFIEDBY,MODIFIEDON) values (23,10,1,to_date('11-08-12','DD-MM-RR'),1,to_date('11-08-12','DD-MM-RR'));
Insert into EMPLOYEEROLE (EMPLOYEEID,ROLEID,CREATEDBY,CREATEDON,MODIFIEDBY,MODIFIEDON) values (24,5,1,to_date('11-08-12','DD-MM-RR'),1,to_date('11-08-12','DD-MM-RR'));
Insert into EMPLOYEEROLE (EMPLOYEEID,ROLEID,CREATEDBY,CREATEDON,MODIFIEDBY,MODIFIEDON) values (25,6,1,to_date('11-08-12','DD-MM-RR'),1,to_date('11-08-12','DD-MM-RR'));
Insert into EMPLOYEEROLE (EMPLOYEEID,ROLEID,CREATEDBY,CREATEDON,MODIFIEDBY,MODIFIEDON) values (26,7,1,to_date('11-08-12','DD-MM-RR'),1,to_date('11-08-12','DD-MM-RR'));
Insert into EMPLOYEEROLE (EMPLOYEEID,ROLEID,CREATEDBY,CREATEDON,MODIFIEDBY,MODIFIEDON) values (27,8,1,to_date('11-08-12','DD-MM-RR'),1,to_date('11-08-12','DD-MM-RR'));
Insert into EMPLOYEEROLE (EMPLOYEEID,ROLEID,CREATEDBY,CREATEDON,MODIFIEDBY,MODIFIEDON) values (28,5,1,to_date('11-08-12','DD-MM-RR'),1,to_date('11-08-12','DD-MM-RR'));
Insert into EMPLOYEEROLE (EMPLOYEEID,ROLEID,CREATEDBY,CREATEDON,MODIFIEDBY,MODIFIEDON) values (29,6,1,to_date('11-08-12','DD-MM-RR'),1,to_date('11-08-12','DD-MM-RR'));
Insert into EMPLOYEEROLE (EMPLOYEEID,ROLEID,CREATEDBY,CREATEDON,MODIFIEDBY,MODIFIEDON) values (30,7,1,to_date('11-08-12','DD-MM-RR'),1,to_date('11-08-12','DD-MM-RR'));
Insert into EMPLOYEEROLE (EMPLOYEEID,ROLEID,CREATEDBY,CREATEDON,MODIFIEDBY,MODIFIEDON) values (31,8,1,to_date('11-08-12','DD-MM-RR'),1,to_date('11-08-12','DD-MM-RR'));
Insert into EMPLOYEEROLE (EMPLOYEEID,ROLEID,CREATEDBY,CREATEDON,MODIFIEDBY,MODIFIEDON) values (32,11,1,to_date('11-08-12','DD-MM-RR'),1,to_date('11-08-12','DD-MM-RR'));
Insert into EMPLOYEEROLE (EMPLOYEEID,ROLEID,CREATEDBY,CREATEDON,MODIFIEDBY,MODIFIEDON) values (33,11,1,to_date('11-08-12','DD-MM-RR'),1,to_date('11-08-12','DD-MM-RR'));
Insert into EMPLOYEEROLE (EMPLOYEEID,ROLEID,CREATEDBY,CREATEDON,MODIFIEDBY,MODIFIEDON) values (34,11,1,to_date('11-08-12','DD-MM-RR'),1,to_date('11-08-12','DD-MM-RR'));
Insert into EMPLOYEEROLE (EMPLOYEEID,ROLEID,CREATEDBY,CREATEDON,MODIFIEDBY,MODIFIEDON) values (35,11,1,to_date('11-08-12','DD-MM-RR'),1,to_date('11-08-12','DD-MM-RR'));
Insert into EMPLOYEEROLE (EMPLOYEEID,ROLEID,CREATEDBY,CREATEDON,MODIFIEDBY,MODIFIEDON) values (36,12,1,to_date('11-08-12','DD-MM-RR'),1,to_date('11-08-12','DD-MM-RR'));
Insert into EMPLOYEEROLE (EMPLOYEEID,ROLEID,CREATEDBY,CREATEDON,MODIFIEDBY,MODIFIEDON) values (37,12,1,to_date('11-08-12','DD-MM-RR'),1,to_date('11-08-12','DD-MM-RR'));
Insert into EMPLOYEEROLE (EMPLOYEEID,ROLEID,CREATEDBY,CREATEDON,MODIFIEDBY,MODIFIEDON) values (38,12,1,to_date('11-08-12','DD-MM-RR'),1,to_date('11-08-12','DD-MM-RR'));
Insert into EMPLOYEEROLE (EMPLOYEEID,ROLEID,CREATEDBY,CREATEDON,MODIFIEDBY,MODIFIEDON) values (39,12,1,to_date('11-08-12','DD-MM-RR'),1,to_date('11-08-12','DD-MM-RR'));
Insert into EMPLOYEEROLE (EMPLOYEEID,ROLEID,CREATEDBY,CREATEDON,MODIFIEDBY,MODIFIEDON) values (40,13,1,to_date('11-08-12','DD-MM-RR'),1,to_date('11-08-12','DD-MM-RR'));
Insert into EMPLOYEEROLE (EMPLOYEEID,ROLEID,CREATEDBY,CREATEDON,MODIFIEDBY,MODIFIEDON) values (41,13,1,to_date('11-08-12','DD-MM-RR'),1,to_date('11-08-12','DD-MM-RR'));
Insert into EMPLOYEEROLE (EMPLOYEEID,ROLEID,CREATEDBY,CREATEDON,MODIFIEDBY,MODIFIEDON) values (42,13,1,to_date('11-08-12','DD-MM-RR'),1,to_date('11-08-12','DD-MM-RR'));

REM INSERTING into PACKAGES
SET DEFINE OFF;
Insert into PACKAGES (ID,NAME,DESCRIPTION,COSTPERTICKET, CITYID,CREATEDBY,CREATEDON,MODIFIEDBY,MODIFIEDON) values (1,'Chicago Delight','Visit best places in chicago',400,2,1,to_date('11-08-12','DD-MM-RR'),1,to_date('11-08-12','DD-MM-RR'));
Insert into PACKAGES (ID,NAME,DESCRIPTION,COSTPERTICKET,CITYID,CREATEDBY,CREATEDON,MODIFIEDBY,MODIFIEDON) values (2,'New York  Delight','Visit best places in chicago',400,2,1,to_date('11-08-12','DD-MM-RR'),1,to_date('11-08-12','DD-MM-RR'));

REM INSERTING into PACKAGEATTRACTION
SET DEFINE OFF;
Insert into PACKAGEATTRACTION (PACKAGEID,ATTRACTIONID,CREATEDBY,CREATEDON,MODIFIEDBY,MODIFIEDON) values (1,1,1,to_date('11-08-12','DD-MM-RR'),1,to_date('11-08-12','DD-MM-RR'));
Insert into PACKAGEATTRACTION (PACKAGEID,ATTRACTIONID,CREATEDBY,CREATEDON,MODIFIEDBY,MODIFIEDON) values (1,2,1,to_date('11-08-12','DD-MM-RR'),1,to_date('11-08-12','DD-MM-RR'));
Insert into PACKAGEATTRACTION (PACKAGEID,ATTRACTIONID,CREATEDBY,CREATEDON,MODIFIEDBY,MODIFIEDON) values (1,6,1,to_date('11-08-12','DD-MM-RR'),1,to_date('11-08-12','DD-MM-RR'));
Insert into PACKAGEATTRACTION (PACKAGEID,ATTRACTIONID,CREATEDBY,CREATEDON,MODIFIEDBY,MODIFIEDON) values (2,3,1,to_date('11-08-12','DD-MM-RR'),1,to_date('11-08-12','DD-MM-RR'));
Insert into PACKAGEATTRACTION (PACKAGEID,ATTRACTIONID,CREATEDBY,CREATEDON,MODIFIEDBY,MODIFIEDON) values (2,5,1,to_date('11-08-12','DD-MM-RR'),1,to_date('11-08-12','DD-MM-RR'));

REM INSERTING into DISCUSSIONTOPIC
SET DEFINE OFF;
Insert into DISCUSSIONTOPIC (ID,TITLE,DESCRIPTION,CREATEDBY,CREATEDON,MODIFIEDBY,MODIFIEDON) values (1,'Best Itenerary',null,1,to_date('11-08-12','DD-MM-RR'),1,to_date('11-08-12','DD-MM-RR'));
Insert into DISCUSSIONTOPIC (ID,TITLE,DESCRIPTION,CREATEDBY,CREATEDON,MODIFIEDBY,MODIFIEDON) values (2,'Best Time to Visit',null,1,to_date('11-08-12','DD-MM-RR'),1,to_date('11-08-12','DD-MM-RR'));

REM INSERTING into DISCUSSIONTOPICBYCITY
SET DEFINE OFF;
Insert into DISCUSSIONTOPICBYCITY (CITYID,DISCUSSIONTOPICID,CREATEDBY,CREATEDON,MODIFIEDBY,MODIFIEDON) values (1,1,1,to_date('11-08-12','DD-MM-RR'),1,to_date('11-08-12','DD-MM-RR'));
Insert into DISCUSSIONTOPICBYCITY (CITYID,DISCUSSIONTOPICID,CREATEDBY,CREATEDON,MODIFIEDBY,MODIFIEDON) values (2,1,1,to_date('11-08-12','DD-MM-RR'),1,to_date('11-08-12','DD-MM-RR'));

REM INSERTING into DISCUSSIONTOPICBYATTRACTION
SET DEFINE OFF;
Insert into DISCUSSIONTOPICBYATTRACTION (ATTRACTIONID,DISCUSSIONTOPICID,CREATEDBY,CREATEDON,MODIFIEDBY,MODIFIEDON) values (1,2,1,to_date('11-08-12','DD-MM-RR'),1,to_date('11-08-12','DD-MM-RR'));
Insert into DISCUSSIONTOPICBYATTRACTION (ATTRACTIONID,DISCUSSIONTOPICID,CREATEDBY,CREATEDON,MODIFIEDBY,MODIFIEDON) values (2,2,1,to_date('11-08-12','DD-MM-RR'),1,to_date('11-08-12','DD-MM-RR'));
Insert into DISCUSSIONTOPICBYATTRACTION (ATTRACTIONID,DISCUSSIONTOPICID,CREATEDBY,CREATEDON,MODIFIEDBY,MODIFIEDON) values (3,2,1,to_date('11-08-12','DD-MM-RR'),1,to_date('11-08-12','DD-MM-RR'));
Insert into DISCUSSIONTOPICBYATTRACTION (ATTRACTIONID,DISCUSSIONTOPICID,CREATEDBY,CREATEDON,MODIFIEDBY,MODIFIEDON) values (4,2,1,to_date('11-08-12','DD-MM-RR'),1,to_date('11-08-12','DD-MM-RR'));
Insert into DISCUSSIONTOPICBYATTRACTION (ATTRACTIONID,DISCUSSIONTOPICID,CREATEDBY,CREATEDON,MODIFIEDBY,MODIFIEDON) values (5,2,1,to_date('11-08-12','DD-MM-RR'),1,to_date('11-08-12','DD-MM-RR'));
Insert into DISCUSSIONTOPICBYATTRACTION (ATTRACTIONID,DISCUSSIONTOPICID,CREATEDBY,CREATEDON,MODIFIEDBY,MODIFIEDON) values (6,2,1,to_date('11-08-12','DD-MM-RR'),1,to_date('11-08-12','DD-MM-RR'));
Insert into DISCUSSIONTOPICBYATTRACTION (ATTRACTIONID,DISCUSSIONTOPICID,CREATEDBY,CREATEDON,MODIFIEDBY,MODIFIEDON) values (7,2,1,to_date('11-08-12','DD-MM-RR'),1,to_date('11-08-12','DD-MM-RR'));

REM INSERTING into AMATHEWI.ATTRACTIONREVIEW
SET DEFINE OFF;
Insert into AMATHEWI.ATTRACTIONREVIEW (ID,ATTRACTIONID,USERID,DESCRIPTION,TITLE,CREATEDBY,CREATEDON,MODIFIEDBY,MODIFIEDON) values (1,1,7,'very nice','review',7,to_date('24-NOV-12','DD-MON-RR'),7,to_date('24-NOV-12','DD-MON-RR'));

REM INSERTING into AMATHEWI.TICKETSAVAILABLE
SET DEFINE OFF;
Insert into AMATHEWI.TICKETSAVAILABLE (ID,ATTRACTIONID,REMAININGTICKETS,DATEAVAILABLE,CREATEDBY,CREATEDON,MODIFIEDBY,MODIFIEDON) values (1,1,200,to_date('01-JAN-13','DD-MON-RR'),1,to_date('24-NOV-12','DD-MON-RR'),1,to_date('24-NOV-12','DD-MON-RR'));
Insert into AMATHEWI.TICKETSAVAILABLE (ID,ATTRACTIONID,REMAININGTICKETS,DATEAVAILABLE,CREATEDBY,CREATEDON,MODIFIEDBY,MODIFIEDON) values (1,2,200,to_date('01-JAN-13','DD-MON-RR'),1,to_date('24-NOV-12','DD-MON-RR'),1,to_date('24-NOV-12','DD-MON-RR'));
Insert into AMATHEWI.TICKETSAVAILABLE (ID,ATTRACTIONID,REMAININGTICKETS,DATEAVAILABLE,CREATEDBY,CREATEDON,MODIFIEDBY,MODIFIEDON) values (1,6,200,to_date('01-JAN-13','DD-MON-RR'),1,to_date('24-NOV-12','DD-MON-RR'),1,to_date('24-NOV-12','DD-MON-RR'));
